week,category,weekly_rank,show_title,weekly_hours_viewed,cumulative_weeks_in_top_10
16/01/2022,Films (English),1,Brazen,45340000,1
16/01/2022,Films (English),2,Don't Look Up,28390000,4
16/01/2022,Films (English),3,Mother/Android,23170000,2
16/01/2022,Films (English),4,The Secret Life of Pets 2,9390000,1
16/01/2022,Films (English),5,Just Go With It,8790000,3
16/01/2022,Films (English),6,Red Notice,8710000,10
16/01/2022,Films (English),7,Back to the Outback,8710000,6
16/01/2022,Films (English),8,Tides,8470000,1
16/01/2022,Films (English),9,Riverdance: The Animated Adventure,7860000,1
16/01/2022,Films (English),10,The Clovehitch Killer,7000000,1
16/01/2022,Films (Non-English),1,How I Fell in Love with a Gangster,11510000,2
16/01/2022,Films (Non-English),2,Four to Dinner,4750000,2
16/01/2022,Films (Non-English),3,The Wasteland,4640000,2
16/01/2022,Films (Non-English),4,Chandigarh Kare Aashiqui,4610000,2
16/01/2022,Films (Non-English),5,Photocopier,4440000,1
16/01/2022,Films (Non-English),6,Major Grom: Plague Doctor,3120000,6
16/01/2022,Films (Non-English),7,Minnal Murali,2510000,4
16/01/2022,Films (Non-English),8,Vicky and Her Mystery,2070000,4
16/01/2022,Films (Non-English),9,Lulli,2000000,3
16/01/2022,Films (Non-English),10,Sin Nombre,1830000,2
16/01/2022,TV (English),1,Stay Close,53720000,3
16/01/2022,TV (English),2,Cobra Kai,41240000,3
16/01/2022,TV (English),3,The Witcher,34350000,5
16/01/2022,TV (English),4,Emily in Paris,30020000,4
16/01/2022,TV (English),5,Cheer,29080000,1
16/01/2022,TV (English),6,Manifest,28120000,8
16/01/2022,TV (English),7,Archive 81,22220000,1
16/01/2022,TV (English),8,The Witcher,18580000,6
16/01/2022,TV (English),9,Manifest,14810000,3
16/01/2022,TV (English),10,Cobra Kai,13950000,2
16/01/2022,TV (Non-English),1,Café con aroma de mujer,98850000,3
16/01/2022,TV (Non-English),2,The Queen of Flow,24210000,9
16/01/2022,TV (Non-English),3,Rebelde,23880000,2
16/01/2022,TV (Non-English),4,Single’s Inferno,19250000,3
16/01/2022,TV (Non-English),5,Our Beloved Summer,18710000,4
16/01/2022,TV (Non-English),6,Undercover,16830000,1
16/01/2022,TV (Non-English),7,Money Heist,13000000,13
16/01/2022,TV (Non-English),8,Undercover,12070000,1
16/01/2022,TV (Non-English),9,Carinha de Anjo,11860000,13
16/01/2022,TV (Non-English),10,Squid Game,11780000,18
09/01/2022,Films (English),1,Don't Look Up,58200000,3
09/01/2022,Films (English),2,Mother/Android,29730000,1
09/01/2022,Films (English),3,The Lost Daughter,20370000,2
09/01/2022,Films (English),4,Back to the Outback,12430000,5
09/01/2022,Films (English),5,The Unforgivable,11340000,5
09/01/2022,Films (English),6,Red Notice,11090000,9
09/01/2022,Films (English),7,Just Go With It,10530000,2
09/01/2022,Films (English),8,Journey 2: The Mysterious Island,10520000,2
09/01/2022,Films (English),9,Seal Team,10310000,1
09/01/2022,Films (English),10,The Longest Yard,9960000,1
09/01/2022,Films (Non-English),1,The Wasteland,11930000,1
09/01/2022,Films (Non-English),2,Four to Dinner,7440000,1
09/01/2022,Films (Non-English),3,How I Fell in Love with a Gangster,6150000,1
09/01/2022,Films (Non-English),4,Chandigarh Kare Aashiqui,5300000,1
09/01/2022,Films (Non-English),5,Minnal Murali,5080000,3
09/01/2022,Films (Non-English),6,Lulli,4020000,2
09/01/2022,Films (Non-English),7,Vicky and Her Mystery,3830000,3
09/01/2022,Films (Non-English),8,Major Grom: Plague Doctor,2830000,5
09/01/2022,Films (Non-English),9,STAND BY ME Doraemon 2,2410000,3
09/01/2022,Films (Non-English),10,Sin Nombre,2300000,1
09/01/2022,TV (English),1,Cobra Kai,107810000,2
09/01/2022,TV (English),2,Stay Close,91180000,2
09/01/2022,TV (English),3,The Witcher,57340000,4
09/01/2022,TV (English),4,Emily in Paris,50540000,3
09/01/2022,TV (English),5,Manifest,30160000,7
09/01/2022,TV (English),6,The Witcher,28510000,5
09/01/2022,TV (English),7,Cobra Kai,23850000,2
09/01/2022,TV (English),8,Queer Eye,23060000,2
09/01/2022,TV (English),9,Cobra Kai,20100000,1
09/01/2022,TV (English),10,Cobra Kai,19340000,1
09/01/2022,TV (Non-English),1,Café con aroma de mujer,82980000,2
09/01/2022,TV (Non-English),2,Rebelde,33180000,1
09/01/2022,TV (Non-English),3,The Queen of Flow,28480000,8
09/01/2022,TV (Non-English),4,Single’s Inferno,25800000,2
09/01/2022,TV (Non-English),5,The Silent Sea,19710000,3
09/01/2022,TV (Non-English),6,Money Heist,18770000,12
09/01/2022,TV (Non-English),7,Our Beloved Summer,15950000,3
09/01/2022,TV (Non-English),8,Squid Game,14980000,17
09/01/2022,TV (Non-English),9,Kitz,14650000,1
09/01/2022,TV (Non-English),10,Daughter From Another Mother,13340000,3
02/01/2022,Films (English),1,Don't Look Up,152290000,2
02/01/2022,Films (English),2,The Unforgivable,21310000,4
02/01/2022,Films (English),3,The Lost Daughter,18260000,1
02/01/2022,Films (English),4,Back to the Outback,17720000,4
02/01/2022,Films (English),5,Red Notice,14540000,8
02/01/2022,Films (English),6,Spider-Man: Homecoming,14180000,3
02/01/2022,Films (English),7,Fast & Furious Presents: Hobbs & Shaw,12870000,2
02/01/2022,Films (English),8,Death to 2021,10380000,1
02/01/2022,Films (English),9,Journey 2: The Mysterious Island,5440000,1
02/01/2022,Films (English),10,Spider-Man,5430000,1
02/01/2022,Films (Non-English),1,Lulli,15210000,1
02/01/2022,Films (Non-English),2,Vicky and Her Mystery,15160000,2
02/01/2022,Films (Non-English),3,Minnal Murali,11440000,2
02/01/2022,Films (Non-English),4,STAND BY ME Doraemon 2,6730000,2
02/01/2022,Films (Non-English),5,1000 Miles from Christmas,6650000,2
02/01/2022,Films (Non-English),6,Intervenção,3650000,1
02/01/2022,Films (Non-English),7,The Whole Truth,2780000,5
02/01/2022,Films (Non-English),8,Anonymously Yours,2060000,4
02/01/2022,Films (Non-English),9,The Hand of God,2000000,3
02/01/2022,Films (Non-English),10,Sooryavanshi,1970000,5
02/01/2022,TV (English),1,Cobra Kai,120060000,1
02/01/2022,TV (English),2,The Witcher,94270000,3
02/01/2022,TV (English),3,Emily in Paris,91980000,2
02/01/2022,TV (English),4,The Witcher,42890000,4
02/01/2022,TV (English),5,Stay Close,31290000,1
02/01/2022,TV (English),6,Emily in Paris,25170000,2
02/01/2022,TV (English),7,Queer Eye,14420000,1
02/01/2022,TV (English),8,Cobra Kai,13450000,1
02/01/2022,TV (English),9,Crime Scene: The Times Square Killer,13070000,1
02/01/2022,TV (English),10,WWII in Color: Road to Victory,12680000,2
02/01/2022,TV (Non-English),1,The Silent Sea,47830000,2
02/01/2022,TV (Non-English),2,The Queen of Flow,29530000,7
02/01/2022,TV (Non-English),3,Money Heist,26310000,11
02/01/2022,TV (Non-English),4,Daughter From Another Mother,24000000,2
02/01/2022,TV (Non-English),5,Café con aroma de mujer,23230000,1
02/01/2022,TV (Non-English),6,Squid Game,18110000,16
02/01/2022,TV (Non-English),7,The Girl from Oslo,17460000,2
02/01/2022,TV (Non-English),8,Single’s Inferno,17150000,1
02/01/2022,TV (Non-English),9,Our Beloved Summer,13840000,2
02/01/2022,TV (Non-English),10,The Queen of Flow,11280000,7
26/12/2021,Films (English),1,Don't Look Up,111030000,1
26/12/2021,Films (English),2,The Unforgivable,26600000,3
26/12/2021,Films (English),3,Fast & Furious Presents: Hobbs & Shaw,26590000,1
26/12/2021,Films (English),4,Back to the Outback,24750000,3
26/12/2021,Films (English),5,Spider-Man: Homecoming,20000000,2
26/12/2021,Films (English),6,The Christmas Chronicles,12910000,4
26/12/2021,Films (English),7,Red Notice,12140000,7
26/12/2021,Films (English),8,A California Christmas: City Lights,11630000,2
26/12/2021,Films (English),9,The Christmas Chronicles: Part Two,10990000,3
26/12/2021,Films (English),10,A Boy Called Christmas,9120000,5
26/12/2021,Films (Non-English),1,Vicky and Her Mystery,8150000,1
26/12/2021,Films (Non-English),2,Grumpy Christmas,8140000,1
26/12/2021,Films (Non-English),3,1000 Miles from Christmas,6940000,1
26/12/2021,Films (Non-English),4,Minnal Murali,5990000,1
26/12/2021,Films (Non-English),5,STAND BY ME Doraemon 2,2990000,1
26/12/2021,Films (Non-English),6,The Whole Truth,2970000,4
26/12/2021,Films (Non-English),7,The Hand of God,2940000,2
26/12/2021,Films (Non-English),8,Anonymously Yours,2800000,3
26/12/2021,Films (Non-English),9,David and the Elves,2450000,3
26/12/2021,Films (Non-English),10,Sooryavanshi,2390000,4
26/12/2021,TV (English),1,The Witcher,168460000,2
26/12/2021,TV (English),2,Emily in Paris,107640000,1
26/12/2021,TV (English),3,The Witcher,60670000,3
26/12/2021,TV (English),4,Emily in Paris,18040000,1
26/12/2021,TV (English),5,Titans,12560000,3
26/12/2021,TV (English),6,Lost in Space,11650000,4
26/12/2021,TV (English),7,WWII in Color: Road to Victory,9510000,1
26/12/2021,TV (English),8,PAW Patrol,9360000,2
26/12/2021,TV (English),9,CoComelon,9260000,5
26/12/2021,TV (English),10,Maid,8750000,13
26/12/2021,TV (Non-English),1,Money Heist,33470000,10
26/12/2021,TV (Non-English),2,The Queen of Flow,30560000,6
26/12/2021,TV (Non-English),3,The Silent Sea,22230000,1
26/12/2021,TV (Non-English),4,The Girl from Oslo,19780000,1
26/12/2021,TV (Non-English),5,Squid Game,15100000,15
26/12/2021,TV (Non-English),6,The King's Affection,13050000,10
26/12/2021,TV (Non-English),7,Daughter From Another Mother,13040000,1
26/12/2021,TV (Non-English),8,The Queen of Flow,10810000,6
26/12/2021,TV (Non-English),9,Our Beloved Summer,9980000,1
26/12/2021,TV (Non-English),10,Carinha de Anjo,9420000,12
19/12/2021,Films (English),1,The Unforgivable,74440000,2
19/12/2021,Films (English),2,Back to the Outback,38990000,2
19/12/2021,Films (English),3,A California Christmas: City Lights,22860000,1
19/12/2021,Films (English),4,Red Notice,12710000,6
19/12/2021,Films (English),5,The Shack,11730000,1
19/12/2021,Films (English),6,Spider-Man: Homecoming,9370000,1
19/12/2021,Films (English),7,John Wick: Chapter 3 - Parabellum,8790000,1
19/12/2021,Films (English),8,The Christmas Chronicles,8430000,3
19/12/2021,Films (English),9,The Christmas Chronicles: Part Two,7840000,2
19/12/2021,Films (English),10,A Boy Called Christmas,7270000,4
19/12/2021,Films (Non-English),1,Anonymously Yours,12020000,2
19/12/2021,Films (Non-English),2,The Hand of God,7710000,1
19/12/2021,Films (Non-English),3,Two,6000000,2
19/12/2021,Films (Non-English),4,The Whole Truth,4640000,3
19/12/2021,Films (Non-English),5,Sooryavanshi,4000000,3
19/12/2021,Films (Non-English),6,Bordertown: Mural Murders,3540000,3
19/12/2021,Films (Non-English),7,David and the Elves,3360000,2
19/12/2021,Films (Non-English),8,Spoiled Brats,3350000,4
19/12/2021,Films (Non-English),9,Escape From Mogadishu,3260000,1
19/12/2021,Films (Non-English),10,Green Snake,2970000,3
19/12/2021,TV (English),1,The Witcher,142430000,1
19/12/2021,TV (English),2,The Witcher,49180000,2
19/12/2021,TV (English),3,Titans,23810000,2
19/12/2021,TV (English),4,Lost in Space,19010000,3
19/12/2021,TV (English),5,Selling Tampa,14230000,1
19/12/2021,TV (English),6,Lost in Space,11960000,3
19/12/2021,TV (English),7,Maid,10620000,12
19/12/2021,TV (English),8,Titans,10340000,1
19/12/2021,TV (English),9,Arcane,10010000,6
19/12/2021,TV (English),10,CoComelon,10000000,4
19/12/2021,TV (Non-English),1,Money Heist,55010000,9
19/12/2021,TV (Non-English),2,The Queen of Flow,39980000,5
19/12/2021,TV (Non-English),3,The King's Affection,18120000,9
19/12/2021,TV (Non-English),4,Squid Game,15430000,14
19/12/2021,TV (Non-English),5,The Queen of Flow,12970000,5
19/12/2021,TV (Non-English),6,Money Heist,12590000,7
19/12/2021,TV (Non-English),7,Carinha de Anjo,11290000,11
19/12/2021,TV (Non-English),8,Aranyak,10360000,1
19/12/2021,TV (Non-English),9,"Yo soy Betty, la fea",8010000,8
19/12/2021,TV (Non-English),10,Hometown Cha-Cha-Cha,7520000,16
12/12/2021,Films (English),1,The Unforgivable,85860000,1
12/12/2021,Films (English),2,Red Notice,18010000,5
12/12/2021,Films (English),3,Back to the Outback,16170000,1
12/12/2021,Films (English),4,The Power of the Dog,13280000,2
12/12/2021,Films (English),5,Single All The Way,11140000,2
12/12/2021,Films (English),6,A Boy Called Christmas,10750000,3
12/12/2021,Films (English),7,A Castle For Christmas,10050000,3
12/12/2021,Films (English),8,Redemption Day,9790000,1
12/12/2021,Films (English),9,Bruised,8970000,3
12/12/2021,Films (English),10,The Christmas Chronicles,8510000,2
12/12/2021,Films (Non-English),1,The Whole Truth,10540000,2
12/12/2021,Films (Non-English),2,Spoiled Brats,9820000,3
12/12/2021,Films (Non-English),3,David and the Elves,9110000,1
12/12/2021,Films (Non-English),4,Anonymously Yours,8970000,1
12/12/2021,Films (Non-English),5,Sooryavanshi,8840000,2
12/12/2021,Films (Non-English),6,Green Snake,6920000,2
12/12/2021,Films (Non-English),7,More the Merrier,6010000,2
12/12/2021,Films (Non-English),8,Bordertown: Mural Murders,5560000,2
12/12/2021,Films (Non-English),9,Two,5020000,1
12/12/2021,Films (Non-English),10,The Claus Family,2610000,6
12/12/2021,TV (English),1,Lost in Space,35820000,2
12/12/2021,TV (English),2,Titans,26000000,1
12/12/2021,TV (English),3,Lost in Space,23200000,2
12/12/2021,TV (English),4,Jurassic World Camp Cretaceous,17420000,2
12/12/2021,TV (English),5,Lost in Space,15240000,1
12/12/2021,TV (English),6,The Witcher,14180000,1
12/12/2021,TV (English),7,Arcane,13470000,5
12/12/2021,TV (English),8,Maid,12540000,11
12/12/2021,TV (English),9,True Story,12160000,3
12/12/2021,TV (English),10,Selling Sunset,11100000,3
12/12/2021,TV (Non-English),1,Money Heist,147950000,8
12/12/2021,TV (Non-English),2,The Queen of Flow,49990000,4
12/12/2021,TV (Non-English),3,Money Heist,19870000,6
12/12/2021,TV (Non-English),4,Squid Game,18170000,13
12/12/2021,TV (Non-English),5,The King's Affection,16650000,8
12/12/2021,TV (Non-English),6,The Queen of Flow,14520000,4
12/12/2021,TV (Non-English),7,Carinha de Anjo,11230000,10
12/12/2021,TV (Non-English),8,Hometown Cha-Cha-Cha,9680000,15
12/12/2021,TV (Non-English),9,Hellbound,9470000,4
12/12/2021,TV (Non-English),10,Money Heist,8170000,3
05/12/2021,Films (English),1,The Power of the Dog,27200000,1
05/12/2021,Films (English),2,A Castle For Christmas,25550000,2
05/12/2021,Films (English),3,Red Notice,25400000,4
05/12/2021,Films (English),4,Bruised,23370000,2
05/12/2021,Films (English),5,A Boy Called Christmas,19360000,2
05/12/2021,Films (English),6,Single All The Way,13820000,1
05/12/2021,Films (English),7,14 Peaks: Nothing Is Impossible,12170000,1
05/12/2021,Films (English),8,The Christmas Chronicles,7940000,1
05/12/2021,Films (English),9,The Christmas Chronicles: Part Two,7790000,1
05/12/2021,Films (English),10,Love Hard,7240000,5
05/12/2021,Films (Non-English),1,Spoiled Brats,26730000,2
05/12/2021,Films (Non-English),2,The Whole Truth,11950000,1
05/12/2021,Films (Non-English),3,Green Snake,10650000,1
05/12/2021,Films (Non-English),4,More the Merrier,10320000,1
05/12/2021,Films (Non-English),5,Sooryavanshi,7110000,1
05/12/2021,Films (Non-English),6,Outlaws,3200000,2
05/12/2021,Films (Non-English),7,The Claus Family,2870000,5
05/12/2021,Films (Non-English),8,Just Short of Perfect,2460000,3
05/12/2021,Films (Non-English),9,Dhamaka,2350000,3
05/12/2021,Films (Non-English),10,Bordertown: Mural Murders,2100000,1
05/12/2021,TV (English),1,Lost in Space,47380000,1
05/12/2021,TV (English),2,True Story,29810000,2
05/12/2021,TV (English),3,Selling Sunset,23660000,2
05/12/2021,TV (English),4,Lost in Space,20920000,1
05/12/2021,TV (English),5,Arcane,18180000,4
05/12/2021,TV (English),6,School of Chocolate,17090000,1
05/12/2021,TV (English),7,Jurassic World Camp Cretaceous,16900000,1
05/12/2021,TV (English),8,Maid,15800000,10
05/12/2021,TV (English),9,Cowboy Bebop,15260000,3
05/12/2021,TV (English),10,You,12490000,8
05/12/2021,TV (Non-English),1,Money Heist,189920000,7
05/12/2021,TV (Non-English),2,The Queen of Flow,59460000,3
05/12/2021,TV (Non-English),3,Hellbound,22380000,3
05/12/2021,TV (Non-English),4,Squid Game,21200000,12
05/12/2021,TV (Non-English),5,Elves,17940000,2
05/12/2021,TV (Non-English),6,The King's Affection,16360000,7
05/12/2021,TV (Non-English),7,The Queen of Flow,14960000,3
05/12/2021,TV (Non-English),8,JoJo's Bizarre Adventure,13980000,1
05/12/2021,TV (Non-English),9,Carinha de Anjo,11720000,9
05/12/2021,TV (Non-English),10,Hometown Cha-Cha-Cha,11560000,14
28/11/2021,Films (English),1,Red Notice,50650000,3
28/11/2021,Films (English),2,Bruised,47700000,1
28/11/2021,Films (English),3,A Boy Called Christmas,26820000,1
28/11/2021,Films (English),4,A Castle For Christmas,20870000,1
28/11/2021,Films (English),5,The Princess Switch 3: Romancing the Star,16250000,2
28/11/2021,Films (English),6,The Croods,15860000,2
28/11/2021,Films (English),7,Jack Reacher: Never Go Back,14670000,1
28/11/2021,Films (English),8,Extinct,13320000,1
28/11/2021,Films (English),9,Central Intelligence,10520000,2
28/11/2021,Films (English),10,Love Hard,9780000,4
28/11/2021,Films (Non-English),1,Spoiled Brats,15830000,1
28/11/2021,Films (Non-English),2,Outlaws,8730000,1
28/11/2021,Films (Non-English),3,Just Short of Perfect,8210000,2
28/11/2021,Films (Non-English),4,Love Me Instead,5880000,2
28/11/2021,Films (Non-English),5,Dhamaka,4820000,2
28/11/2021,Films (Non-English),6,Earwig and the Witch,3720000,2
28/11/2021,Films (Non-English),7,Prayers for the Stolen,2780000,2
28/11/2021,Films (Non-English),8,Yara,2640000,4
28/11/2021,Films (Non-English),9,The Claus Family,2500000,4
28/11/2021,Films (Non-English),10,Sinkhole,2260000,1
28/11/2021,TV (English),1,True Story,48850000,1
28/11/2021,TV (English),2,Cowboy Bebop,36950000,2
28/11/2021,TV (English),3,Selling Sunset,33080000,1
28/11/2021,TV (English),4,Arcane,29660000,3
28/11/2021,TV (English),5,Maid,20490000,9
28/11/2021,TV (English),6,Narcos: Mexico,17430000,4
28/11/2021,TV (English),7,You,17070000,7
28/11/2021,TV (English),8,Tiger King,16430000,2
28/11/2021,TV (English),9,CoComelon,11050000,3
28/11/2021,TV (English),10,Dynasty,10560000,6
28/11/2021,TV (Non-English),1,The Queen of Flow,69030000,2
28/11/2021,TV (Non-English),2,Hellbound,67520000,2
28/11/2021,TV (Non-English),3,Squid Game,25730000,11
28/11/2021,TV (Non-English),4,The King's Affection,15920000,6
28/11/2021,TV (Non-English),5,The Queen of Flow,14460000,2
28/11/2021,TV (Non-English),6,Hometown Cha-Cha-Cha,13310000,13
28/11/2021,TV (Non-English),7,Carinha de Anjo,12410000,8
28/11/2021,TV (Non-English),8,"Yo soy Betty, la fea",8130000,7
28/11/2021,TV (Non-English),9,EDENS ZERO,7470000,1
28/11/2021,TV (Non-English),10,Elves,6660000,1
21/11/2021,Films (English),1,Red Notice,129110000,2
21/11/2021,Films (English),2,The Princess Switch 3: Romancing the Star,24770000,1
21/11/2021,Films (English),3,Love Hard,21240000,3
21/11/2021,Films (English),4,Central Intelligence,14910000,1
21/11/2021,Films (English),5,The Harder They Fall,13770000,3
21/11/2021,Films (English),6,The Croods,13440000,1
21/11/2021,Films (English),7,Army of Thieves,12260000,4
21/11/2021,Films (English),8,Trolls,10120000,1
21/11/2021,Films (English),9,6 Underground,7770000,1
21/11/2021,Films (English),10,Goosebumps 2: Haunted Halloween,7680000,1
21/11/2021,Films (Non-English),1,Just Short of Perfect,9630000,1
21/11/2021,Films (Non-English),2,7 Prisoners,9570000,2
21/11/2021,Films (Non-English),3,Yara,5660000,3
21/11/2021,Films (Non-English),4,Prayers for the Stolen,4700000,1
21/11/2021,Films (Non-English),5,Dhamaka,4200000,1
21/11/2021,Films (Non-English),6,Love Me Instead,3000000,1
21/11/2021,Films (Non-English),7,The Claus Family,2420000,3
21/11/2021,Films (Non-English),8,Earwig and the Witch,2100000,1
21/11/2021,Films (Non-English),9,The Forgotten Battle,1940000,6
21/11/2021,Films (Non-English),10,Meenakshi Sundareshwar,1900000,3
21/11/2021,TV (English),1,Arcane,38420000,2
21/11/2021,TV (English),2,Tiger King,30030000,1
21/11/2021,TV (English),3,Narcos: Mexico,27540000,3
21/11/2021,TV (English),4,Maid,23920000,8
21/11/2021,TV (English),5,You,23460000,6
21/11/2021,TV (English),6,Cowboy Bebop,21630000,1
21/11/2021,TV (English),7,Dynasty,15060000,5
21/11/2021,TV (English),8,Locke & Key,12340000,5
21/11/2021,TV (English),9,You,11670000,5
21/11/2021,TV (English),10,Big Mouth,11410000,3
21/11/2021,TV (Non-English),1,Hellbound,43480000,1
21/11/2021,TV (Non-English),2,The Queen of Flow,38640000,1
21/11/2021,TV (Non-English),3,Squid Game,30410000,10
21/11/2021,TV (Non-English),4,The King's Affection,15640000,5
21/11/2021,TV (Non-English),5,Carinha de Anjo,13180000,7
21/11/2021,TV (Non-English),6,Hometown Cha-Cha-Cha,13150000,12
21/11/2021,TV (Non-English),7,Christmas Flow,9720000,1
21/11/2021,TV (Non-English),8,The Queen of Flow,8810000,1
21/11/2021,TV (Non-English),9,Love Never Lies,8370000,1
21/11/2021,TV (Non-English),10,"Yo soy Betty, la fea",7800000,6
14/11/2021,Films (English),1,Red Notice,148720000,1
14/11/2021,Films (English),2,Love Hard,58560000,2
14/11/2021,Films (English),3,The Harder They Fall,33060000,2
14/11/2021,Films (English),4,Army of Thieves,20560000,3
14/11/2021,Films (English),5,Father Christmas Is Back,13780000,1
14/11/2021,Films (English),6,211,7900000,1
14/11/2021,Films (English),7,Army of the Dead,7620000,3
14/11/2021,Films (English),8,Passing,7490000,1
14/11/2021,Films (English),9,Transformers: The Last Knight,6920000,2
14/11/2021,Films (English),10,Jumanji: The Next Level,6760000,1
14/11/2021,Films (Non-English),1,Yara,17950000,2
14/11/2021,Films (Non-English),2,7 Prisoners,9690000,1
14/11/2021,Films (Non-English),3,The Claus Family,4440000,2
14/11/2021,Films (Non-English),4,Meenakshi Sundareshwar,4410000,2
14/11/2021,Films (Non-English),5,The Forgotten Battle,2630000,5
14/11/2021,Films (Non-English),6,Stuck Together,2610000,4
14/11/2021,Films (Non-English),7,Lords of Scam,2120000,1
14/11/2021,Films (Non-English),8,Fierce,1800000,1
14/11/2021,Films (Non-English),9,Der Fall Collini,1590000,2
14/11/2021,Films (Non-English),10,Doctor (Tamil),1430000,2
14/11/2021,TV (English),1,Narcos: Mexico,50290000,2
14/11/2021,TV (English),2,Arcane,34170000,1
14/11/2021,TV (English),3,You,33720000,5
14/11/2021,TV (English),4,Maid,29480000,7
14/11/2021,TV (English),5,Big Mouth,25390000,2
14/11/2021,TV (English),6,Dynasty,21020000,4
14/11/2021,TV (English),7,Locke & Key,18770000,4
14/11/2021,TV (English),8,Narcos: Mexico,15570000,1
14/11/2021,TV (English),9,You,15520000,4
14/11/2021,TV (English),10,You,14570000,5
14/11/2021,TV (Non-English),1,Squid Game,42790000,9
14/11/2021,TV (Non-English),2,The King's Affection,14120000,4
14/11/2021,TV (Non-English),3,Hometown Cha-Cha-Cha,13820000,11
14/11/2021,TV (Non-English),4,Carinha de Anjo,13660000,6
14/11/2021,TV (Non-English),5,My Name,10820000,5
14/11/2021,TV (Non-English),6,Where is Marta?,8640000,1
14/11/2021,TV (Non-English),7,The Five Juanas,8490000,6
14/11/2021,TV (Non-English),8,The Club,7860000,1
14/11/2021,TV (Non-English),9,"Yo soy Betty, la fea",7650000,5
14/11/2021,TV (Non-English),10,Demon Slayer: Kimetsu no Yaiba,6060000,2
07/11/2021,Films (English),1,Army of Thieves,71610000,2
07/11/2021,Films (English),2,The Harder They Fall,64760000,1
07/11/2021,Films (English),3,Love Hard,40530000,1
07/11/2021,Films (English),4,Army of the Dead,16910000,2
07/11/2021,Films (English),5,Transformers: The Last Knight,13180000,1
07/11/2021,Films (English),6,21 Jump Street,11690000,1
07/11/2021,Films (English),7,Hypnotic,11140000,2
07/11/2021,Films (English),8,The Girl in the Spider's Web,6580000,1
07/11/2021,Films (English),9,Amina,6110000,1
07/11/2021,Films (English),10,Just Go With It,5740000,1
07/11/2021,Films (Non-English),1,Yara,11610000,1
07/11/2021,Films (Non-English),2,The Claus Family,6760000,1
07/11/2021,Films (Non-English),3,Stuck Together,5780000,3
07/11/2021,Films (Non-English),4,The Forgotten Battle,3860000,4
07/11/2021,Films (Non-English),5,Der Fall Collini,3230000,1
07/11/2021,Films (Non-English),6,Meenakshi Sundareshwar,2820000,1
07/11/2021,Films (Non-English),7,Nobody Sleeps in the Woods Tonight 2,2660000,2
07/11/2021,Films (Non-English),8,Monk Comes Down the Mountain,1590000,1
07/11/2021,Films (Non-English),9,The Trip,1540000,4
07/11/2021,Films (Non-English),10,Doctor (Tamil),1530000,1
07/11/2021,TV (English),1,You,52590000,4
07/11/2021,TV (English),2,Maid,41290000,6
07/11/2021,TV (English),3,Locke & Key,32250000,3
07/11/2021,TV (English),4,Dynasty,32050000,3
07/11/2021,TV (English),5,Narcos: Mexico,28150000,1
07/11/2021,TV (English),6,You,21660000,3
07/11/2021,TV (English),7,Maya and the Three,21470000,2
07/11/2021,TV (English),8,You,20910000,4
07/11/2021,TV (English),9,Big Mouth,19570000,1
07/11/2021,TV (English),10,Locke & Key,15950000,3
07/11/2021,TV (Non-English),1,Squid Game,65000000,8
07/11/2021,TV (Non-English),2,My Name,18430000,4
07/11/2021,TV (Non-English),3,Hometown Cha-Cha-Cha,16010000,10
07/11/2021,TV (Non-English),4,Carinha de Anjo,14090000,5
07/11/2021,TV (Non-English),5,The Five Juanas,13000000,5
07/11/2021,TV (Non-English),6,The King's Affection,11990000,3
07/11/2021,TV (Non-English),7,Sintonia,11010000,2
07/11/2021,TV (Non-English),8,Luis Miguel - The Series,9720000,2
07/11/2021,TV (Non-English),9,Demon Slayer: Kimetsu no Yaiba,7940000,1
07/11/2021,TV (Non-English),10,"Yo soy Betty, la fea",7710000,4
31/10/2021,Films (English),1,Army of Thieves,49640000,1
31/10/2021,Films (English),2,Hypnotic,24620000,1
31/10/2021,Films (English),3,Night Teeth,17010000,2
31/10/2021,Films (English),4,Final Score,9840000,1
31/10/2021,Films (English),5,King Arthur: Legend of the Sword,9150000,1
31/10/2021,Films (English),6,Only Mine,6670000,1
31/10/2021,Films (English),7,Army of the Dead,5780000,1
31/10/2021,Films (English),8,Bloodshot,5600000,1
31/10/2021,Films (English),9,A Dog's Journey,5350000,2
31/10/2021,Films (English),10,Venom,4190000,4
31/10/2021,Films (Non-English),1,Stuck Together,12000000,2
31/10/2021,Films (Non-English),2,The Forgotten Battle,8410000,3
31/10/2021,Films (Non-English),3,Nobody Sleeps in the Woods Tonight 2,6560000,1
31/10/2021,Films (Non-English),4,In for a Murder,4790000,2
31/10/2021,Films (Non-English),5,The Trip,3310000,3
31/10/2021,Films (Non-English),6,Nobody Sleeps in the Woods Tonight,1900000,1
31/10/2021,Films (Non-English),7,Friendzone,1410000,5
31/10/2021,Films (Non-English),8,The Four of Us,1190000,2
31/10/2021,Films (Non-English),9,Budapest,1170000,1
31/10/2021,Films (Non-English),10,Grudge,1110000,4
31/10/2021,TV (English),1,You,82790000,3
31/10/2021,TV (English),2,Maid,56700000,5
31/10/2021,TV (English),3,Locke & Key,56490000,2
31/10/2021,TV (English),4,Dynasty,47820000,2
31/10/2021,TV (English),5,Maya and the Three,34000000,1
31/10/2021,TV (English),6,You,29880000,3
31/10/2021,TV (English),7,You,28050000,2
31/10/2021,TV (English),8,Locke & Key,24590000,2
31/10/2021,TV (English),9,Inside Job,21240000,1
31/10/2021,TV (English),10,CoComelon,13710000,2
31/10/2021,TV (Non-English),1,Squid Game,90100000,7
31/10/2021,TV (Non-English),2,My Name,38580000,3
31/10/2021,TV (Non-English),3,Sintonia,25890000,1
31/10/2021,TV (Non-English),4,The Five Juanas,19410000,4
31/10/2021,TV (Non-English),5,Hometown Cha-Cha-Cha,18290000,9
31/10/2021,TV (Non-English),6,Carinha de Anjo,14070000,4
31/10/2021,TV (Non-English),7,Luis Miguel - The Series,9990000,1
31/10/2021,TV (Non-English),8,The King's Affection,9740000,2
31/10/2021,TV (Non-English),9,Love Is Blind: Brazil,9130000,3
31/10/2021,TV (Non-English),10,The Chestnut Man,8910000,5
24/10/2021,Films (English),1,Night Teeth,31870000,1
24/10/2021,Films (English),2,Venom,7900000,3
24/10/2021,Films (English),3,What Happens in Vegas,7380000,1
24/10/2021,Films (English),4,A Dog's Journey,5780000,1
24/10/2021,Films (English),5,My Little Pony: A New Generation,5570000,5
24/10/2021,Films (English),6,Unfaithful,5350000,1
24/10/2021,Films (English),7,Going in Style,4520000,2
24/10/2021,Films (English),8,The Guilty,4400000,4
24/10/2021,Films (English),9,Street Kings,3440000,1
24/10/2021,Films (English),10,Hotel Transylvania 3: Summer Vacation,3430000,4
24/10/2021,Films (Non-English),1,The Forgotten Battle,25800000,2
24/10/2021,Films (Non-English),2,The Trip,11550000,2
24/10/2021,Films (Non-English),3,Stuck Together,9000000,1
24/10/2021,Films (Non-English),4,In for a Murder,6520000,1
24/10/2021,Films (Non-English),5,The Four of Us,4140000,1
24/10/2021,Films (Non-English),6,"My Brother, My Sister",2680000,3
24/10/2021,Films (Non-English),7,Grudge,2240000,3
24/10/2021,Films (Non-English),8,Friendzone,1910000,4
24/10/2021,Films (Non-English),9,Confessions of an Invisible Girl,1400000,5
24/10/2021,Films (Non-English),10,Beauty and the Beast,1150000,4
24/10/2021,TV (English),1,You,179000000,2
24/10/2021,TV (English),2,Maid,79040000,4
24/10/2021,TV (English),3,You,44810000,2
24/10/2021,TV (English),4,Locke & Key,35530000,1
24/10/2021,TV (English),5,You,33120000,1
24/10/2021,TV (English),6,Dynasty,19970000,1
24/10/2021,TV (English),7,Sex Education,18380000,6
24/10/2021,TV (English),8,CoComelon,15930000,1
24/10/2021,TV (English),9,Another Life,15760000,1
24/10/2021,TV (English),10,Locke & Key,15710000,1
24/10/2021,TV (Non-English),1,Squid Game,147560000,6
24/10/2021,TV (Non-English),2,My Name,84530000,2
24/10/2021,TV (Non-English),3,The Five Juanas,34600000,3
24/10/2021,TV (Non-English),4,Hometown Cha-Cha-Cha,31840000,8
24/10/2021,TV (Non-English),5,Love Is Blind: Brazil,16290000,2
24/10/2021,TV (Non-English),6,Carinha de Anjo,13930000,3
24/10/2021,TV (Non-English),7,The Chestnut Man,12900000,4
24/10/2021,TV (Non-English),8,Alice in Borderland,8700000,5
24/10/2021,TV (Non-English),9,"Yo soy Betty, la fea",7710000,3
24/10/2021,TV (Non-English),10,The King's Affection,6950000,1
17/10/2021,Films (English),1,Venom,20410000,2
17/10/2021,Films (English),2,The Guilty,12590000,3
17/10/2021,Films (English),3,Security,9470000,2
17/10/2021,Films (English),4,My Little Pony: A New Generation,8220000,4
17/10/2021,Films (English),5,There's Someone Inside Your House,7380000,2
17/10/2021,Films (English),6,Pokémon the Movie: Secrets of the Jungle,7300000,2
17/10/2021,Films (English),7,Redemption,5800000,1
17/10/2021,Films (English),8,Titanic,5000000,2
17/10/2021,Films (English),9,Going in Style,4950000,1
17/10/2021,Films (English),10,Knight and Day,4770000,1
17/10/2021,Films (Non-English),1,The Forgotten Battle,21460000,1
17/10/2021,Films (Non-English),2,"My Brother, My Sister",7360000,2
17/10/2021,Films (Non-English),3,Grudge,6060000,2
17/10/2021,Films (Non-English),4,Fever Dream,6030000,1
17/10/2021,Films (Non-English),5,The Trip,3390000,1
17/10/2021,Films (Non-English),6,Friendzone,3340000,3
17/10/2021,Films (Non-English),7,Confessions of an Invisible Girl,2120000,4
17/10/2021,Films (Non-English),8,Tudo por um Pop Star,1870000,1
17/10/2021,Films (Non-English),9,Violet Evergarden the Movie,1800000,1
17/10/2021,Films (Non-English),10,Beauty and the Beast,1800000,3
17/10/2021,TV (English),1,You,133120000,1
17/10/2021,TV (English),2,Maid,129280000,3
17/10/2021,TV (English),3,Sex Education,28190000,5
17/10/2021,TV (English),4,Shameless (U.S.),23530000,1
17/10/2021,TV (English),5,You,23050000,1
17/10/2021,TV (English),6,Midnight Mass,20940000,4
17/10/2021,TV (English),7,A Tale Dark & Grimm,18730000,1
17/10/2021,TV (English),8,On My Block,17360000,2
17/10/2021,TV (English),9,The Baby-Sitters Club,17030000,1
17/10/2021,TV (English),10,Grey's Anatomy,15990000,3
17/10/2021,TV (Non-English),1,Squid Game,258840000,5
17/10/2021,TV (Non-English),2,The Five Juanas,62890000,2
17/10/2021,TV (Non-English),3,My Name,41780000,1
17/10/2021,TV (Non-English),4,Hometown Cha-Cha-Cha,37740000,7
17/10/2021,TV (Non-English),5,The Chestnut Man,20720000,3
17/10/2021,TV (Non-English),6,Alice in Borderland,16310000,4
17/10/2021,TV (Non-English),7,Love Is Blind: Brazil,13770000,1
17/10/2021,TV (Non-English),8,Carinha de Anjo,12760000,2
17/10/2021,TV (Non-English),9,"Nevertheless,",10080000,7
17/10/2021,TV (Non-English),10,House of Secrets: The Burari Deaths,9220000,1
10/10/2021,Films (English),1,The Guilty,42280000,2
10/10/2021,Films (English),2,There's Someone Inside Your House,20480000,1
10/10/2021,Films (English),3,Venom,13920000,1
10/10/2021,Films (English),4,My Little Pony: A New Generation,13370000,3
10/10/2021,Films (English),5,Titanic,10270000,1
10/10/2021,Films (English),6,Ride Along 2,8030000,1
10/10/2021,Films (English),7,Heat,7650000,1
10/10/2021,Films (English),8,Pokémon the Movie: Secrets of the Jungle,7520000,1
10/10/2021,Films (English),9,Mr. & Mrs. Smith,7180000,1
10/10/2021,Films (English),10,Security,6830000,1
10/10/2021,Films (Non-English),1,Friendzone,7210000,2
10/10/2021,Films (Non-English),2,The Seven Deadly Sins: Cursed by Light,4070000,2
10/10/2021,Films (Non-English),3,Sounds Like Love,3600000,2
10/10/2021,Films (Non-English),4,Confessions of an Invisible Girl,2730000,3
10/10/2021,Films (Non-English),5,Forever Rich,2540000,1
10/10/2021,Films (Non-English),6,Thalaivii,2110000,2
10/10/2021,Films (Non-English),7,Grudge,1940000,1
10/10/2021,Films (Non-English),8,Luccas Neto em: O Mapa do Tesouro 2,1830000,1
10/10/2021,Films (Non-English),9,Beauty and the Beast,1790000,2
10/10/2021,Films (Non-English),10,"My Brother, My Sister",1670000,1
10/10/2021,TV (English),1,Maid,166520000,2
10/10/2021,TV (English),2,On My Block,63520000,1
10/10/2021,TV (English),3,Sex Education,42120000,4
10/10/2021,TV (English),4,Grey's Anatomy,29650000,2
10/10/2021,TV (English),5,Midnight Mass,29020000,3
10/10/2021,TV (English),6,PAW Patrol,19910000,1
10/10/2021,TV (English),7,Lucifer,16730000,5
10/10/2021,TV (English),8,Dave Chappelle: The Closer,14350000,1
10/10/2021,TV (English),9,Sex Education,12760000,3
10/10/2021,TV (English),10,Scaredy Cats,12520000,1
10/10/2021,TV (Non-English),1,Squid Game,412940000,4
10/10/2021,TV (Non-English),2,The Five Juanas,39460000,1
10/10/2021,TV (Non-English),3,Hometown Cha-Cha-Cha,32890000,6
10/10/2021,TV (Non-English),4,The Chestnut Man,30300000,2
10/10/2021,TV (Non-English),5,Alice in Borderland,22220000,3
10/10/2021,TV (Non-English),6,Baki Hanma,14560000,2
10/10/2021,TV (Non-English),7,Ganglands,11210000,3
10/10/2021,TV (Non-English),8,Carinha de Anjo,10240000,1
10/10/2021,TV (Non-English),9,Money Heist,9730000,6
10/10/2021,TV (Non-English),10,"Nevertheless,",8570000,6
03/10/2021,Films (English),1,The Guilty,47600000,1
03/10/2021,Films (English),2,My Little Pony: A New Generation,24510000,2
03/10/2021,Films (English),3,The Starling,20130000,2
03/10/2021,Films (English),4,No One Gets Out Alive,17010000,1
03/10/2021,Films (English),5,Britney Vs Spears,16750000,1
03/10/2021,Films (English),6,Intrusion,12050000,2
03/10/2021,Films (English),7,Grown Ups,8130000,2
03/10/2021,Films (English),8,Kate,5680000,4
03/10/2021,Films (English),9,Man on Fire,4960000,3
03/10/2021,Films (English),10,Vivo,4160000,7
03/10/2021,Films (Non-English),1,Friendzone,8740000,1
03/10/2021,Films (Non-English),2,Sounds Like Love,7100000,1
03/10/2021,Films (Non-English),3,Confessions of an Invisible Girl,6350000,2
03/10/2021,Films (Non-English),4,The Seven Deadly Sins: Cursed by Light,4650000,1
03/10/2021,Films (Non-English),5,Thalaivii,3120000,1
03/10/2021,Films (Non-English),6,The Father Who Moves Mountains,2940000,3
03/10/2021,Films (Non-English),7,Beauty and the Beast,2740000,1
03/10/2021,Films (Non-English),8,Je Suis Karl,2140000,1
03/10/2021,Films (Non-English),9,The Stronghold,1840000,3
03/10/2021,Films (Non-English),10,Freaks – You're One of Us,1450000,1
03/10/2021,TV (English),1,Sex Education,72870000,3
03/10/2021,TV (English),2,Maid,61080000,1
03/10/2021,TV (English),3,Midnight Mass,59120000,2
03/10/2021,TV (English),4,Lucifer,25110000,4
03/10/2021,TV (English),5,Grey's Anatomy,18680000,1
03/10/2021,TV (English),6,Sex Education,18420000,3
03/10/2021,TV (English),7,Sex Education,18140000,2
03/10/2021,TV (English),8,Blood & Water,15870000,1
03/10/2021,TV (English),9,Clickbait,13210000,6
03/10/2021,TV (English),10,CoComelon,10690000,5
03/10/2021,TV (Non-English),1,Squid Game,571760000,3
03/10/2021,TV (Non-English),2,The Chestnut Man,31380000,1
03/10/2021,TV (Non-English),3,Hometown Cha-Cha-Cha,28330000,5
03/10/2021,TV (Non-English),4,Ganglands,27030000,2
03/10/2021,TV (Non-English),5,Alice in Borderland,26280000,2
03/10/2021,TV (Non-English),6,Baki Hanma,20090000,1
03/10/2021,TV (Non-English),7,Money Heist,14250000,5
03/10/2021,TV (Non-English),8,The Seven Deadly Sins,13420000,4
03/10/2021,TV (Non-English),9,Love 101,12600000,1
03/10/2021,TV (Non-English),10,Money Heist,9370000,5
26/09/2021,Films (English),1,Intrusion,30040000,1
26/09/2021,Films (English),2,The Starling,16670000,1
26/09/2021,Films (English),3,My Little Pony: A New Generation,15510000,1
26/09/2021,Films (English),4,Man on Fire,12590000,2
26/09/2021,Films (English),5,Kate,11280000,3
26/09/2021,Films (English),6,Grown Ups,9250000,1
26/09/2021,Films (English),7,Schumacher,8040000,2
26/09/2021,Films (English),8,Safe House,6930000,2
26/09/2021,Films (English),9,Nightbooks,6790000,2
26/09/2021,Films (English),10,The Marksman,5210000,2
26/09/2021,Films (Non-English),1,The Father Who Moves Mountains,16120000,2
26/09/2021,Films (Non-English),2,The Stronghold,9490000,2
26/09/2021,Films (Non-English),3,Confessions of an Invisible Girl,7130000,1
26/09/2021,Films (Non-English),4,Prey,2330000,3
26/09/2021,Films (Non-English),5,Forgotten We'll Be,1580000,1
26/09/2021,Films (Non-English),6,Ankahi Kahaniya,1260000,1
26/09/2021,Films (Non-English),7,Blood Red Sky,1120000,9
26/09/2021,Films (Non-English),8,Pinkfong & Baby Shark's Space Adventure,1050000,2
26/09/2021,Films (Non-English),9,Xtreme,1030000,3
26/09/2021,Films (Non-English),10,Rurouni Kenshin: The Beginning,930000,7
26/09/2021,TV (English),1,Sex Education,160420000,2
26/09/2021,TV (English),2,Lucifer,42990000,3
26/09/2021,TV (English),3,Midnight Mass,33200000,1
26/09/2021,TV (English),4,Sex Education,27380000,2
26/09/2021,TV (English),5,Clickbait,22150000,5
26/09/2021,TV (English),6,Sex Education,22030000,1
26/09/2021,TV (English),7,The Circle,15850000,2
26/09/2021,TV (English),8,Monsters Inside: The 24 Faces of Billy Milligan,15150000,1
26/09/2021,TV (English),9,Good Girls,12920000,4
26/09/2021,TV (English),10,Lucifer,12180000,5
26/09/2021,TV (Non-English),1,Squid Game,448730000,2
26/09/2021,TV (Non-English),2,Hometown Cha-Cha-Cha,23360000,4
26/09/2021,TV (Non-English),3,Money Heist,21830000,4
26/09/2021,TV (Non-English),4,Ganglands,16260000,1
26/09/2021,TV (Non-English),5,The Seven Deadly Sins,14020000,3
26/09/2021,TV (Non-English),6,Money Heist,12150000,4
26/09/2021,TV (Non-English),7,Jaguar,11620000,1
26/09/2021,TV (Non-English),8,Alice in Borderland,10890000,1
26/09/2021,TV (Non-English),9,Money Heist,8680000,4
26/09/2021,TV (Non-English),10,"Newly Rich, Newly Poor",8410000,13
19/09/2021,Films (English),1,Kate,37400000,2
19/09/2021,Films (English),2,Schumacher,17290000,1
19/09/2021,Films (English),3,Man on Fire,16160000,1
19/09/2021,Films (English),4,The Marksman,14680000,1
19/09/2021,Films (English),5,Nightbooks,13160000,1
19/09/2021,Films (English),6,The Equalizer 2,12310000,1
19/09/2021,Films (English),7,Firedrake the Silver Dragon,9650000,1
19/09/2021,Films (English),8,Safe House,9060000,1
19/09/2021,Films (English),9,Afterlife of the Party,8100000,3
19/09/2021,Films (English),10,First Kill,6950000,1
19/09/2021,Films (Non-English),1,The Father Who Moves Mountains,14830000,1
19/09/2021,Films (Non-English),2,Prey,14270000,2
19/09/2021,Films (Non-English),3,The Stronghold,10360000,1
19/09/2021,Films (Non-English),4,JJ+E,3140000,2
19/09/2021,Films (Non-English),5,O Candidato Honesto 2,2610000,1
19/09/2021,Films (Non-English),6,Ilhados,2240000,1
19/09/2021,Films (Non-English),7,Love of My Loves,1880000,2
19/09/2021,Films (Non-English),8,Kung Fu Hustle,1800000,2
19/09/2021,Films (Non-English),9,The Women and the Murderer,1470000,2
19/09/2021,Films (Non-English),10,Amores perros,1450000,1
19/09/2021,TV (English),1,Sex Education,125770000,1
19/09/2021,TV (English),2,Lucifer,98140000,2
19/09/2021,TV (English),3,Clickbait,35020000,4
19/09/2021,TV (English),4,Good Girls,19310000,3
19/09/2021,TV (English),5,Turning Point: 9/11 and the War on Terror,18720000,3
19/09/2021,TV (English),6,Lucifer,16240000,4
19/09/2021,TV (English),7,Sex Education,14880000,1
19/09/2021,TV (English),8,The Circle,14350000,1
19/09/2021,TV (English),9,Sharkdog,14180000,2
19/09/2021,TV (English),10,Lucifer,11560000,1
19/09/2021,TV (Non-English),1,Squid Game,63190000,1
19/09/2021,TV (Non-English),2,Money Heist,39910000,3
19/09/2021,TV (Non-English),3,Money Heist,19340000,3
19/09/2021,TV (Non-English),4,Hometown Cha-Cha-Cha,18580000,3
19/09/2021,TV (Non-English),5,Hospital Playlist,13050000,7
19/09/2021,TV (Non-English),6,Money Heist,12270000,3
19/09/2021,TV (Non-English),7,Money Heist,11940000,2
19/09/2021,TV (Non-English),8,Money Heist,11490000,3
19/09/2021,TV (Non-English),9,"Newly Rich, Newly Poor",9320000,12
19/09/2021,TV (Non-English),10,Carrossel,7870000,10
12/09/2021,Films (English),1,Kate,38780000,1
12/09/2021,Films (English),2,Afterlife of the Party,23790000,2
12/09/2021,Films (English),3,Worth,13560000,2
12/09/2021,Films (English),4,He's All That,10930000,3
12/09/2021,Films (English),5,SAS: Rise of the Black Swan,9930000,3
12/09/2021,Films (English),6,In Time,8930000,1
12/09/2021,Films (English),7,Noah,7770000,1
12/09/2021,Films (English),8,Vivo,6960000,6
12/09/2021,Films (English),9,Sweet Girl,6570000,4
12/09/2021,Films (English),10,Monte Carlo,6200000,1
12/09/2021,Films (Non-English),1,Prey,13440000,1
12/09/2021,Films (Non-English),2,JJ+E,5410000,1
12/09/2021,Films (Non-English),3,Kung Fu Hustle,3250000,1
12/09/2021,Films (Non-English),4,Invasion,2990000,2
12/09/2021,Films (Non-English),5,The Women and the Murderer,2060000,1
12/09/2021,Films (Non-English),6,Blood Red Sky,1780000,8
12/09/2021,Films (Non-English),7,Love of My Loves,1530000,1
12/09/2021,Films (Non-English),8,The Secret Diary of an Exchange Student,1450000,4
12/09/2021,Films (Non-English),9,Out of my league,1440000,4
12/09/2021,Films (Non-English),10,Lassie Come Home,1410000,1
12/09/2021,TV (English),1,Lucifer,75940000,1
12/09/2021,TV (English),2,Clickbait,54420000,3
12/09/2021,TV (English),3,Turning Point: 9/11 and the War on Terror,37910000,2
12/09/2021,TV (English),4,Good Girls,31750000,2
12/09/2021,TV (English),5,Sharkdog,19590000,1
12/09/2021,TV (English),6,The 100,12990000,2
12/09/2021,TV (English),7,Lucifer,12260000,3
12/09/2021,TV (English),8,Octonauts: Above & Beyond,11730000,1
12/09/2021,TV (English),9,Dive Club,11480000,1
12/09/2021,TV (English),10,Manifest,11150000,3
12/09/2021,TV (Non-English),1,Money Heist,123170000,2
12/09/2021,TV (Non-English),2,Money Heist,38030000,2
12/09/2021,TV (Non-English),3,Money Heist,16720000,1
12/09/2021,TV (Non-English),4,Money Heist,16720000,2
12/09/2021,TV (Non-English),5,Hometown Cha-Cha-Cha,14870000,2
12/09/2021,TV (Non-English),6,Money Heist,14410000,2
12/09/2021,TV (Non-English),7,Hospital Playlist,11590000,6
12/09/2021,TV (Non-English),8,Into the Night,10630000,1
12/09/2021,TV (Non-English),9,"Newly Rich, Newly Poor",10350000,11
12/09/2021,TV (Non-English),10,Hotel Del Luna,9980000,1
05/09/2021,Films (English),1,He's All That,36730000,2
05/09/2021,Films (English),2,SAS: Rise of the Black Swan,32730000,2
05/09/2021,Films (English),3,Afterlife of the Party,26710000,1
05/09/2021,Films (English),4,Sweet Girl,13390000,3
05/09/2021,Films (English),5,Vivo,9380000,5
05/09/2021,Films (English),6,The Loud House Movie,6640000,3
05/09/2021,Films (English),7,Worth,6480000,1
05/09/2021,Films (English),8,The Secret Life of Pets,6450000,3
05/09/2021,Films (English),9,Welcome Home Roscoe Jenkins,6270000,1
05/09/2021,Films (English),10,Green Lantern,6230000,1
05/09/2021,Films (Non-English),1,Invasion,7340000,1
05/09/2021,Films (Non-English),2,Out of my league,2270000,3
05/09/2021,Films (Non-English),3,The Secret Diary of an Exchange Student,2100000,3
05/09/2021,Films (Non-English),4,Blood Red Sky,2080000,7
05/09/2021,Films (Non-English),5,Flu,1830000,1
05/09/2021,Films (Non-English),6,Black Island,1420000,3
05/09/2021,Films (Non-English),7,Rurouni Kenshin: The Beginning,1330000,6
05/09/2021,Films (Non-English),8,Thimmarusu,1220000,1
05/09/2021,Films (Non-English),9,I Don't Know Whether to Slit My Wrists or Leave Them Long,1130000,1
05/09/2021,Films (Non-English),10,Pinkfong & Baby Shark's Space Adventure,1120000,1
05/09/2021,TV (English),1,Clickbait,76540000,2
05/09/2021,TV (English),2,Good Girls,37580000,1
05/09/2021,TV (English),3,Turning Point: 9/11 and the War on Terror,24050000,1
05/09/2021,TV (English),4,Manifest,15660000,2
05/09/2021,TV (English),5,The 100,13590000,1
05/09/2021,TV (English),6,Outer Banks,12910000,6
05/09/2021,TV (English),7,CoComelon,11050000,4
05/09/2021,TV (English),8,Manifest,10320000,6
05/09/2021,TV (English),9,Good Girls,9590000,1
05/09/2021,TV (English),10,CoComelon,9140000,1
05/09/2021,TV (Non-English),1,Money Heist,201910000,1
05/09/2021,TV (Non-English),2,Money Heist,22710000,1
05/09/2021,TV (Non-English),3,D.P.,19170000,2
05/09/2021,TV (Non-English),4,Money Heist,14870000,1
05/09/2021,TV (Non-English),5,The Snitch Cartel: Origins,11530000,6
05/09/2021,TV (Non-English),6,"Newly Rich, Newly Poor",11100000,10
05/09/2021,TV (Non-English),7,Hometown Cha-Cha-Cha,9630000,1
05/09/2021,TV (Non-English),8,Carrossel,9010000,9
05/09/2021,TV (Non-English),9,"Yo soy Betty, la fea",7200000,2
05/09/2021,TV (Non-English),10,Money Heist,7070000,1
29/08/2021,Films (English),1,Sweet Girl,48140000,2
29/08/2021,Films (English),2,He's All That,42810000,1
29/08/2021,Films (English),3,SAS: Rise of the Black Swan,35650000,1
29/08/2021,Films (English),4,The Loud House Movie,16910000,2
29/08/2021,Films (English),5,The Old Ways,13720000,1
29/08/2021,Films (English),6,Vivo,13430000,4
29/08/2021,Films (English),7,The Witcher: Nightmare of the Wolf,13300000,1
29/08/2021,Films (English),8,The Secret Life of Pets,10860000,2
29/08/2021,Films (English),9,The Kissing Booth 3,9560000,3
29/08/2021,Films (English),10,Tomb Raider,8430000,1
29/08/2021,Films (Non-English),1,Black Island,6570000,2
29/08/2021,Films (Non-English),2,Out of my league,5790000,2
29/08/2021,Films (Non-English),3,The Secret Diary of an Exchange Student,5090000,2
29/08/2021,Films (Non-English),4,Blood Red Sky,3020000,6
29/08/2021,Films (Non-English),5,Rurouni Kenshin: The Beginning,2280000,5
29/08/2021,Films (Non-English),6,The Last Mercenary,2000000,5
29/08/2021,Films (Non-English),7,El infierno,1560000,4
29/08/2021,Films (Non-English),8,Mimi,1510000,5
29/08/2021,Films (Non-English),9,Bartkowiak,1460000,3
29/08/2021,Films (Non-English),10,Shiny_Flakes: The Teenage Drug Lord,1440000,4
29/08/2021,TV (English),1,Clickbait,51280000,1
29/08/2021,TV (English),2,Outer Banks,20790000,5
29/08/2021,TV (English),3,Manifest,17740000,1
29/08/2021,TV (English),4,The Chair,14020000,1
29/08/2021,TV (English),5,Outer Banks,13860000,5
29/08/2021,TV (English),6,Manifest,12410000,5
29/08/2021,TV (English),7,For Life,11180000,3
29/08/2021,TV (English),8,CoComelon,11030000,3
29/08/2021,TV (English),9,All American,10480000,5
29/08/2021,TV (English),10,Hit & Run,10090000,4
29/08/2021,TV (Non-English),1,The Snitch Cartel: Origins,15480000,5
29/08/2021,TV (Non-English),2,"Newly Rich, Newly Poor",12120000,9
29/08/2021,TV (Non-English),3,AlRawabi School for Girls,11500000,3
29/08/2021,TV (Non-English),4,Hospital Playlist,10980000,5
29/08/2021,TV (Non-English),5,Carrossel,9750000,8
29/08/2021,TV (Non-English),6,Valeria,9020000,3
29/08/2021,TV (Non-English),7,D.P.,8430000,1
29/08/2021,TV (Non-English),8,Open Your Eyes,8220000,1
29/08/2021,TV (Non-English),9,The Cook of Castamar,7550000,8
29/08/2021,TV (Non-English),10,"Yo soy Betty, la fea",7340000,1
22/08/2021,Films (English),1,Sweet Girl,57160000,1
22/08/2021,Films (English),2,The Kissing Booth 3,26170000,2
22/08/2021,Films (English),3,Beckett,23870000,2
22/08/2021,Films (English),4,Vivo,21960000,3
22/08/2021,Films (English),5,The Loud House Movie,13860000,1
22/08/2021,Films (English),6,The Secret Life of Pets,10110000,1
22/08/2021,Films (English),7,Hotel Transylvania 3: Summer Vacation,8550000,3
22/08/2021,Films (English),8,The Girl Next Door,6900000,1
22/08/2021,Films (English),9,Alvin and the Chipmunks: Chipwrecked,6870000,1
22/08/2021,Films (English),10,Resort to Love,6320000,4
22/08/2021,Films (Non-English),1,Black Island,17330000,1
22/08/2021,Films (Non-English),2,The Secret Diary of an Exchange Student,7910000,1
22/08/2021,Films (Non-English),3,Out of my league,7120000,1
22/08/2021,Films (Non-English),4,Blood Red Sky,4520000,5
22/08/2021,Films (Non-English),5,Rurouni Kenshin: The Beginning,3630000,4
22/08/2021,Films (Non-English),6,The Last Mercenary,3340000,4
22/08/2021,Films (Non-English),7,Sputnik,3290000,1
22/08/2021,Films (Non-English),8,El infierno,2650000,3
22/08/2021,Films (Non-English),9,Mimi,2340000,4
22/08/2021,Films (Non-English),10,Shiny_Flakes: The Teenage Drug Lord,2250000,3
22/08/2021,TV (English),1,Outer Banks,31800000,4
22/08/2021,TV (English),2,Hit & Run,20660000,3
22/08/2021,TV (English),3,Outer Banks,20300000,4
22/08/2021,TV (English),4,All American,14990000,4
22/08/2021,TV (English),5,For Life,14540000,2
22/08/2021,TV (English),6,Bake Squad,13220000,1
22/08/2021,TV (English),7,Gabby's Dollhouse,12180000,2
22/08/2021,TV (English),8,Brand New Cherry Flavor,11140000,1
22/08/2021,TV (English),9,CoComelon,10990000,2
22/08/2021,TV (English),10,The Good Doctor,10430000,6
22/08/2021,TV (Non-English),1,The Snitch Cartel: Origins,19260000,4
22/08/2021,TV (Non-English),2,AlRawabi School for Girls,18070000,2
22/08/2021,TV (Non-English),3,Valeria,15640000,2
22/08/2021,TV (Non-English),4,Gone for Good,14920000,2
22/08/2021,TV (Non-English),5,"Newly Rich, Newly Poor",12080000,8
22/08/2021,TV (Non-English),6,Hospital Playlist,10340000,4
22/08/2021,TV (Non-English),7,Carrossel,9860000,7
22/08/2021,TV (Non-English),8,"Nevertheless,",9030000,5
22/08/2021,TV (Non-English),9,The Cook of Castamar,8820000,7
22/08/2021,TV (Non-English),10,Control Z,8250000,3
15/08/2021,Films (English),1,The Kissing Booth 3,90860000,1
15/08/2021,Films (English),2,Vivo,37050000,2
15/08/2021,Films (English),3,Beckett,23580000,1
15/08/2021,Films (English),4,Hotel Transylvania 3: Summer Vacation,21460000,2
15/08/2021,Films (English),5,Aftermath,15870000,2
15/08/2021,Films (English),6,Resort to Love,9860000,3
15/08/2021,Films (English),7,The Kissing Booth,8590000,1
15/08/2021,Films (English),8,The Kissing Booth 2,8370000,1
15/08/2021,Films (English),9,Dead Man Down,7580000,2
15/08/2021,Films (English),10,Untold: Malice at the Palace,6450000,1
15/08/2021,Films (Non-English),1,The Swarm,11470000,2
15/08/2021,Films (Non-English),2,The Last Mercenary,7570000,3
15/08/2021,Films (Non-English),3,Rurouni Kenshin: The Beginning,6550000,3
15/08/2021,Films (Non-English),4,Blood Red Sky,6470000,4
15/08/2021,Films (Non-English),5,El infierno,4890000,2
15/08/2021,Films (Non-English),6,Mimi,3630000,3
15/08/2021,Films (Non-English),7,Shiny_Flakes: The Teenage Drug Lord,3440000,2
15/08/2021,Films (Non-English),8,Rurouni Kenshin: The Final,2820000,3
15/08/2021,Films (Non-English),9,Navarasa,2800000,2
15/08/2021,Films (Non-English),10,Kingdom: Ashin of the North,2190000,4
15/08/2021,TV (English),1,Outer Banks,51600000,3
15/08/2021,TV (English),2,Hit & Run,45190000,2
15/08/2021,TV (English),3,Outer Banks,30390000,3
15/08/2021,TV (English),4,All American,20870000,3
15/08/2021,TV (English),5,Cocaine Cowboys: The Kings of Miami,13870000,2
15/08/2021,TV (English),6,For Life,13790000,1
15/08/2021,TV (English),7,Virgin River,13220000,6
15/08/2021,TV (English),8,Gabby's Dollhouse,13170000,1
15/08/2021,TV (English),9,Sex/Life,12190000,7
15/08/2021,TV (English),10,The Good Doctor,11810000,5
15/08/2021,TV (Non-English),1,The Snitch Cartel: Origins,23840000,3
15/08/2021,TV (Non-English),2,Control Z,16400000,2
15/08/2021,TV (Non-English),3,SHAMAN KING,12970000,1
15/08/2021,TV (Non-English),4,"Newly Rich, Newly Poor",12750000,7
15/08/2021,TV (Non-English),5,The Cook of Castamar,11950000,6
15/08/2021,TV (Non-English),6,AlRawabi School for Girls,11620000,1
15/08/2021,TV (Non-English),7,Carrossel,10640000,6
15/08/2021,TV (Non-English),8,Gone for Good,9750000,1
15/08/2021,TV (Non-English),9,Valeria,9600000,1
15/08/2021,TV (Non-English),10,Hospital Playlist,9500000,3
08/08/2021,Films (English),1,Aftermath,24200000,1
08/08/2021,Films (English),2,Resort to Love,23480000,2
08/08/2021,Films (English),3,Vivo,21940000,1
08/08/2021,Films (English),4,The Vault,10870000,1
08/08/2021,Films (English),5,The Losers,8040000,1
08/08/2021,Films (English),6,The Last Letter From Your Lover,6850000,3
08/08/2021,Films (English),7,Hotel Transylvania 3: Summer Vacation,6250000,1
08/08/2021,Films (English),8,Dead Man Down,5840000,1
08/08/2021,Films (English),9,Wish Dragon,5150000,5
08/08/2021,Films (English),10,World Trade Center,5050000,1
08/08/2021,Films (Non-English),1,The Last Mercenary,23890000,2
08/08/2021,Films (Non-English),2,Rurouni Kenshin: The Beginning,15080000,2
08/08/2021,Films (Non-English),3,Blood Red Sky,13300000,3
08/08/2021,Films (Non-English),4,The Swarm,11380000,1
08/08/2021,Films (Non-English),5,Mimi,5140000,2
08/08/2021,Films (Non-English),6,Bartkowiak,4570000,2
08/08/2021,Films (Non-English),7,El infierno,4420000,1
08/08/2021,Films (Non-English),8,Navarasa,3520000,1
08/08/2021,Films (Non-English),9,Kingdom: Ashin of the North,3450000,3
08/08/2021,Films (Non-English),10,Shiny_Flakes: The Teenage Drug Lord,3340000,1
08/08/2021,TV (English),1,Outer Banks,105330000,2
08/08/2021,TV (English),2,Outer Banks,45080000,2
08/08/2021,TV (English),3,All American,33020000,2
08/08/2021,TV (English),4,Hit & Run,23570000,1
08/08/2021,TV (English),5,Cocaine Cowboys: The Kings of Miami,18890000,1
08/08/2021,TV (English),6,Virgin River,18840000,5
08/08/2021,TV (English),7,Top Secret UFO Projects: Declassified,17040000,1
08/08/2021,TV (English),8,Sex/Life,15500000,6
08/08/2021,TV (English),9,The Good Doctor,14090000,4
08/08/2021,TV (English),10,Car Masters: Rust to Riches,13930000,1
08/08/2021,TV (Non-English),1,The Snitch Cartel: Origins,26880000,2
08/08/2021,TV (Non-English),2,Control Z,25430000,1
08/08/2021,TV (Non-English),3,The Cook of Castamar,15800000,5
08/08/2021,TV (Non-English),4,"Newly Rich, Newly Poor",14510000,6
08/08/2021,TV (Non-English),5,Carrossel,11280000,5
08/08/2021,TV (Non-English),6,Hunter X Hunter (2011),9890000,1
08/08/2021,TV (Non-English),7,Control Z,8580000,1
08/08/2021,TV (Non-English),8,How to Sell Drugs Online (Fast),8580000,2
08/08/2021,TV (Non-English),9,"Nevertheless,",7960000,4
08/08/2021,TV (Non-English),10,Too Hot to Handle: Brazil,7470000,3
01/08/2021,Films (English),1,Resort to Love,28050000,1
01/08/2021,Films (English),2,The Last Letter From Your Lover,18890000,2
01/08/2021,Films (English),3,Trollhunters: Rise of the Titans,8960000,2
01/08/2021,Films (English),4,Fear Street Part 1: 1994,6570000,5
01/08/2021,Films (English),5,Wish Dragon,6290000,4
01/08/2021,Films (English),6,Fear Street Part 3: 1666,6190000,3
01/08/2021,Films (English),7,Twilight,5840000,3
01/08/2021,Films (English),8,Fear Street Part 2: 1978,5840000,4
01/08/2021,Films (English),9,The Twilight Saga: Breaking Dawn: Part 2,5200000,2
01/08/2021,Films (English),10,The Twilight Saga: New Moon,5030000,2
01/08/2021,Films (Non-English),1,Blood Red Sky,52370000,2
01/08/2021,Films (Non-English),2,The Last Mercenary,16120000,1
01/08/2021,Films (Non-English),3,Kingdom: Ashin of the North,15120000,2
01/08/2021,Films (Non-English),4,Mimi,9210000,1
01/08/2021,Films (Non-English),5,Bartkowiak,9210000,1
01/08/2021,Films (Non-English),6,Rurouni Kenshin: The Beginning,8610000,1
01/08/2021,Films (Non-English),7,Chernobyl 1986,5570000,2
01/08/2021,Films (Non-English),8,A Perfect Fit,3130000,3
01/08/2021,Films (Non-English),9,Major Grom: Plague Doctor,2770000,4
01/08/2021,Films (Non-English),10,Words Bubble Up Like Soda Pop,2180000,1
01/08/2021,TV (English),1,Outer Banks,100160000,1
01/08/2021,TV (English),2,All American,43970000,1
01/08/2021,TV (English),3,Virgin River,28320000,4
01/08/2021,TV (English),4,Outer Banks,26240000,1
01/08/2021,TV (English),5,Never Have I Ever,23570000,3
01/08/2021,TV (English),6,Sex/Life,21620000,5
01/08/2021,TV (English),7,Love Is Blind,19370000,1
01/08/2021,TV (English),8,The Good Doctor,18510000,3
01/08/2021,TV (English),9,The Walking Dead,15050000,1
01/08/2021,TV (English),10,The Good Doctor,13240000,1
01/08/2021,TV (Non-English),1,The Cook of Castamar,24170000,4
01/08/2021,TV (Non-English),2,"Newly Rich, Newly Poor",16700000,5
01/08/2021,TV (Non-English),3,How to Sell Drugs Online (Fast),16470000,1
01/08/2021,TV (Non-English),4,Sky Rojo,15660000,2
01/08/2021,TV (Non-English),5,The Snitch Cartel: Origins,15150000,1
01/08/2021,TV (Non-English),6,Too Hot to Handle: Brazil,14230000,2
01/08/2021,TV (Non-English),7,Carrossel,12730000,4
01/08/2021,TV (Non-English),8,"Nevertheless,",7710000,3
01/08/2021,TV (Non-English),9,Chiquititas,7020000,1
01/08/2021,TV (Non-English),10,Elite,6920000,5
25/07/2021,Films (English),1,Trollhunters: Rise of the Titans,16130000,1
25/07/2021,Films (English),2,The Last Letter From Your Lover,13140000,1
25/07/2021,Films (English),3,Twilight,12550000,2
25/07/2021,Films (English),4,Fear Street Part 3: 1666,12350000,2
25/07/2021,Films (English),5,The Twilight Saga: New Moon,10320000,1
25/07/2021,Films (English),6,Fear Street Part 1: 1994,9240000,4
25/07/2021,Films (English),7,The Twilight Saga: Breaking Dawn: Part 2,9240000,1
25/07/2021,Films (English),8,The Twilight Saga: Eclipse,9220000,1
25/07/2021,Films (English),9,Fear Street Part 2: 1978,9100000,3
25/07/2021,Films (English),10,The Twilight Saga: Breaking Dawn: Part 1,8250000,1
25/07/2021,Films (Non-English),1,Blood Red Sky,35930000,1
25/07/2021,Films (Non-English),2,Kingdom: Ashin of the North,16380000,1
25/07/2021,Films (Non-English),3,Chernobyl 1986,8250000,1
25/07/2021,Films (Non-English),4,A Perfect Fit,8000000,2
25/07/2021,Films (Non-English),5,Major Grom: Plague Doctor,7190000,3
25/07/2021,Films (Non-English),6,The Guide to the Perfect Family,4580000,2
25/07/2021,Films (Non-English),7,A Classic Horror Story,4060000,2
25/07/2021,Films (Non-English),8,Deep,3200000,1
25/07/2021,Films (Non-English),9,Tô Ryca,2930000,2
25/07/2021,Films (Non-English),10,Haseen Dillruba,2620000,4
25/07/2021,TV (English),1,Never Have I Ever,50190000,2
25/07/2021,TV (English),2,Virgin River,44890000,3
25/07/2021,TV (English),3,Sex/Life,31200000,4
25/07/2021,TV (English),4,The Good Doctor,25520000,2
25/07/2021,TV (English),5,Never Have I Ever,17400000,1
25/07/2021,TV (English),6,Manifest,16220000,4
25/07/2021,TV (English),7,Atypical,15920000,3
25/07/2021,TV (English),8,Heist,15390000,2
25/07/2021,TV (English),9,Virgin River,14360000,3
25/07/2021,TV (English),10,Virgin River,13770000,2
25/07/2021,TV (Non-English),1,The Cook of Castamar,36650000,3
25/07/2021,TV (Non-English),2,"Newly Rich, Newly Poor",19070000,4
25/07/2021,TV (Non-English),3,Sky Rojo,12980000,1
25/07/2021,TV (Non-English),4,Carrossel,12150000,3
25/07/2021,TV (Non-English),5,The War Next-door,9730000,3
25/07/2021,TV (Non-English),6,Too Hot to Handle: Brazil,9450000,1
25/07/2021,TV (Non-English),7,Elite,9410000,4
25/07/2021,TV (Non-English),8,Hospital Playlist,8070000,2
25/07/2021,TV (Non-English),9,"Nevertheless,",7880000,2
25/07/2021,TV (Non-English),10,Lupin,6840000,4
18/07/2021,Films (English),1,Fear Street Part 3: 1666,20080000,1
18/07/2021,Films (English),2,Fear Street Part 2: 1978,16820000,2
18/07/2021,Films (English),3,Fear Street Part 1: 1994,14370000,3
18/07/2021,Films (English),4,Gunpowder Milkshake,11770000,1
18/07/2021,Films (English),5,The Water Man,11630000,1
18/07/2021,Films (English),6,This Little Love of Mine,8810000,2
18/07/2021,Films (English),7,Wish Dragon,8550000,3
18/07/2021,Films (English),8,Fatherhood,7790000,3
18/07/2021,Films (English),9,Twilight,7640000,1
18/07/2021,Films (English),10,Rust Creek,6560000,1
18/07/2021,Films (Non-English),1,Major Grom: Plague Doctor,21050000,2
18/07/2021,Films (Non-English),2,How I Became a Superhero,9860000,2
18/07/2021,Films (Non-English),3,A Classic Horror Story,9090000,1
18/07/2021,Films (Non-English),4,The Guide to the Perfect Family,5130000,1
18/07/2021,Films (Non-English),5,Haseen Dillruba,4430000,3
18/07/2021,Films (Non-English),6,A Perfect Fit,3170000,1
18/07/2021,Films (Non-English),7,Last Summer,2420000,2
18/07/2021,Films (Non-English),8,Tô Ryca,2210000,1
18/07/2021,Films (Non-English),9,The 8th Night,1860000,3
18/07/2021,Films (Non-English),10,Silver Skates,1780000,3
18/07/2021,TV (English),1,Virgin River,87270000,2
18/07/2021,TV (English),2,Never Have I Ever,58380000,1
18/07/2021,TV (English),3,Sex/Life,45000000,3
18/07/2021,TV (English),4,Atypical,29680000,2
18/07/2021,TV (English),5,Manifest,21350000,3
18/07/2021,TV (English),6,Virgin River,20080000,2
18/07/2021,TV (English),7,The Good Doctor,18980000,1
18/07/2021,TV (English),8,Heist,18710000,1
18/07/2021,TV (English),9,Virgin River,17000000,1
18/07/2021,TV (English),10,Too Hot to Handle,16110000,3
18/07/2021,TV (Non-English),1,The Cook of Castamar,51570000,2
18/07/2021,TV (Non-English),2,"Newly Rich, Newly Poor",21450000,3
18/07/2021,TV (Non-English),3,The War Next-door,14360000,2
18/07/2021,TV (Non-English),4,Elite,14240000,3
18/07/2021,TV (Non-English),5,Elize Matsunaga: Once Upon a Crime,12510000,2
18/07/2021,TV (Non-English),6,Carrossel,11620000,2
18/07/2021,TV (Non-English),7,Lupin,9280000,3
18/07/2021,TV (Non-English),8,Hospital Playlist,8530000,1
18/07/2021,TV (Non-English),9,"Nevertheless,",8130000,1
18/07/2021,TV (Non-English),10,Biohackers,7500000,1
11/07/2021,Films (English),1,Fear Street Part 1: 1994,19550000,2
11/07/2021,Films (English),2,Fear Street Part 2: 1978,16060000,1
11/07/2021,Films (English),3,Fatherhood,12830000,2
11/07/2021,Films (English),4,Warcraft,10990000,2
11/07/2021,Films (English),5,Wish Dragon,10590000,2
11/07/2021,Films (English),6,This Little Love of Mine,9390000,1
11/07/2021,Films (English),7,Mother's Day,9200000,1
11/07/2021,Films (English),8,How to Train Your Dragon: The Hidden World,9030000,1
11/07/2021,Films (English),9,Kung Fu Panda 3,8870000,2
11/07/2021,Films (English),10,The Huntsman: Winter's War,7460000,1
11/07/2021,Films (Non-English),1,Major Grom: Plague Doctor,26150000,1
11/07/2021,Films (Non-English),2,Haseen Dillruba,10210000,2
11/07/2021,Films (Non-English),3,How I Became a Superhero,8820000,1
11/07/2021,Films (Non-English),4,The 8th Night,5960000,2
11/07/2021,Films (Non-English),5,Silver Skates,3110000,2
11/07/2021,Films (Non-English),6,Rurouni Kenshin: The Final,2570000,2
11/07/2021,Films (Non-English),7,Dynasty Warriors,2420000,2
11/07/2021,Films (Non-English),8,Xtreme,1710000,2
11/07/2021,Films (Non-English),9,O Candidato Honesto,1280000,1
11/07/2021,Films (Non-English),10,Last Summer,1270000,1
11/07/2021,TV (English),1,Sex/Life,69860000,2
11/07/2021,TV (English),2,Virgin River,62580000,1
11/07/2021,TV (English),3,Too Hot to Handle,33420000,2
11/07/2021,TV (English),4,Manifest,31940000,2
11/07/2021,TV (English),5,Pokémon Journeys: The Series,21870000,2
11/07/2021,TV (English),6,Atypical,20620000,1
11/07/2021,TV (English),7,Manifest,20070000,2
11/07/2021,TV (English),8,Virgin River,13590000,1
11/07/2021,TV (English),9,Lucifer,13440000,2
11/07/2021,TV (English),10,Sweet Tooth,13100000,2
11/07/2021,TV (Non-English),1,"Newly Rich, Newly Poor",24990000,2
11/07/2021,TV (Non-English),2,Elite,21780000,2
11/07/2021,TV (Non-English),3,The Cook of Castamar,16960000,1
11/07/2021,TV (Non-English),4,The War Next-door,13970000,1
11/07/2021,TV (Non-English),5,Lupin,13150000,2
11/07/2021,TV (Non-English),6,Elize Matsunaga: Once Upon a Crime,11700000,1
11/07/2021,TV (Non-English),7,The Seven Deadly Sins,10110000,2
11/07/2021,TV (Non-English),8,Young Royals,9820000,1
11/07/2021,TV (Non-English),9,Carrossel,9790000,1
11/07/2021,TV (Non-English),10,Somos.,9420000,2
04/07/2021,Films (English),1,Fatherhood,25680000,1
04/07/2021,Films (English),2,Fear Street Part 1: 1994,16620000,1
04/07/2021,Films (English),3,Wish Dragon,15260000,1
04/07/2021,Films (English),4,The Ice Road,13690000,1
04/07/2021,Films (English),5,Good on Paper,10580000,1
04/07/2021,Films (English),6,Kung Fu Panda 3,7690000,1
04/07/2021,Films (English),7,Warcraft,7650000,1
04/07/2021,Films (English),8,Fatale,6460000,1
04/07/2021,Films (English),9,Skylines,6130000,1
04/07/2021,Films (English),10,The Mitchells vs. The Machines,4890000,1
04/07/2021,Films (Non-English),1,Silver Skates,7390000,1
04/07/2021,Films (Non-English),2,Haseen Dillruba,7370000,1
04/07/2021,Films (Non-English),3,Rurouni Kenshin: The Final,5340000,1
04/07/2021,Films (Non-English),4,The 8th Night,4480000,1
04/07/2021,Films (Non-English),5,Dynasty Warriors,4100000,1
04/07/2021,Films (Non-English),6,Security,2950000,1
04/07/2021,Films (Non-English),7,Murder by the Coast,2690000,1
04/07/2021,Films (Non-English),8,Xtreme,2650000,1
04/07/2021,Films (Non-English),9,Rurouni Kenshin: Origins,2150000,1
04/07/2021,Films (Non-English),10,Prime Time,2080000,1
04/07/2021,TV (English),1,Sex/Life,86730000,1
04/07/2021,TV (English),2,Too Hot to Handle,62150000,1
04/07/2021,TV (English),3,Manifest,36330000,1
04/07/2021,TV (English),4,Sweet Tooth,21350000,1
04/07/2021,TV (English),5,Manifest,21330000,1
04/07/2021,TV (English),6,Lucifer,16890000,1
04/07/2021,TV (English),7,Pokémon Journeys: The Series,15350000,1
04/07/2021,TV (English),8,Sophie: A Murder in West Cork,12800000,1
04/07/2021,TV (English),9,CoComelon,11430000,1
04/07/2021,TV (English),10,Lucifer,9550000,1
04/07/2021,TV (Non-English),1,Elite,38720000,1
04/07/2021,TV (Non-English),2,The Seven Deadly Sins,33240000,1
04/07/2021,TV (Non-English),3,"Newly Rich, Newly Poor",28270000,1
04/07/2021,TV (Non-English),4,Lupin,20970000,1
04/07/2021,TV (Non-English),5,Somos.,11510000,1
04/07/2021,TV (Non-English),6,Elite,10530000,1
04/07/2021,TV (Non-English),7,Elite,10200000,1
04/07/2021,TV (Non-English),8,Elite,10140000,1
04/07/2021,TV (Non-English),9,Katla,9190000,1
04/07/2021,TV (Non-English),10,Record of Ragnarok,9140000,1
